年度,カテゴリ,ファイル名,URL,ダウンロード日時,ファイルサイズ(KB),ステータス,備考
2026,医療機器保険適用通知,2026_医薬品・医療機器_20260819.txt,https://www.mhlw.go.jp/stf/seisakunitsuite/bunya/kenkou_iryou/iyakuhin/index.html,2026-08-19 18:21:11,16.3,成功,医薬品・医療機器
2026,その他関連資料,2026_診療報酬改定_20260819.txt,https://www.mhlw.go.jp/stf/seisakunitsuite/bunya/0000106602.html,2026-08-19 18:21:13,9.1,成功,診療報酬改定
2026,その他関連資料,2026_消費税と診療報酬について_20260819.txt,https://www.mhlw.go.jp/stf/seisakunitsuite/bunya/kenkou_iryou/iryouhoken/iryouhoken14/index.html,2026-08-19 18:21:15,8.2,成功,消費税と診療報酬について
2026,その他関連資料,2026_所管の法令、告示・通達等_20260819.txt,https://www.mhlw.go.jp/hourei/,2026-08-19 18:21:16,1.4,成功,所管の法令、告示・通達等
2026,その他関連資料,2026_電子申請（申請・届出等の手続案内）_20260819.txt,https://www.mhlw.go.jp/shinsei_boshu/denshishinesei/,2026-08-19 18:21:18,15.8,成功,電子申請（申請・届出等の手続案内）
2026,特例措置・臨時改定,2026_グレーゾーン解消制度・新事業特例制度_20260819.txt,https://www.mhlw.go.jp/shinsei_boshu/gray_zone/gray_zone.html,2026-08-19 18:21:20,30.7,成功,グレーゾーン解消制度・新事業特例制度
2026,疑義解釈,2026_診療報酬に関するお問い合わせ先［116KB］_20260819.pdf,https://www.mhlw.go.jp/content/12400000/001666890.pdf,2026-08-19 18:21:22,115.3,成功,診療報酬に関するお問い合わせ先［116KB］
2025,基本方針,2025_令和7年12月9日令和８年度診療報酬改定の基本方針（社会保障審議会医療保険部会・社会保障審議会医療部会）［285KB］_20260819.pdf,https://www.mhlw.go.jp/content/12400000/001618046.pdf,2026-08-19 18:21:24,284.9,成功,令和7年12月9日 令和８年度診療報酬改定の基本方針（社会保障審議会医療保険部会・社会保障審議会医療部会）［285KB］
2026,その他関連資料,2026_​令和８年度診療報酬改定について（令和７年12月24日大臣折衝事項）_20260819.txt,https://www.mhlw.go.jp/stf/newpage_67942.html,2026-08-19 18:21:26,8.1,成功,​令和８年度診療報酬改定について（令和７年12月24日大臣折衝事項）
2026,その他関連資料,2026_令和８年１月14日令和８年度診療報酬改定に係るこれまでの議論の整理［494KB］_20260819.pdf,https://www.mhlw.go.jp/content/12400000/001653277.pdf,2026-08-19 18:21:28,493.6,成功,令和８年１月14日 令和８年度診療報酬改定に係るこれまでの議論の整理［494KB］
2026,疑義解釈,2026_令和８年１月14日厚生労働大臣が中央社会保険医療協議会に諮問_20260819.txt,https://www.mhlw.go.jp/stf/newpage_68608.html,2026-08-19 18:21:29,23.1,成功,令和８年１月14日 厚生労働大臣が中央社会保険医療協議会に諮問
2026,疑義解釈,2026_令和８年２月13日中央社会保険医療協議会が厚生労働大臣に答申_20260819.txt,https://www.mhlw.go.jp/stf/newpage_70414.html,2026-08-19 18:21:31,12.3,成功,令和８年２月13日 中央社会保険医療協議会が厚生労働大臣に答申
2026,個別改定項目説明,2026_１．個別改定項目について（令和８年２月13日）_20260819.pdf,https://www.mhlw.go.jp/content/10808000/001655176.pdf,2026-08-19 18:21:33,4834.3,成功,１．個別改定項目について（令和８年２月13日）
2026,その他関連資料,2026_２．令和８年度診療報酬改定説明資料等について_20260819.txt,https://www.mhlw.go.jp/stf/newpage_71068.html,2026-08-19 18:21:35,10.2,成功,２．令和８年度診療報酬改定説明資料等について
2026,その他関連資料,2026_ベースアップ評価料に係る特設ページについて【20260421更新】_20260819.txt,https://www.mhlw.go.jp/stf/seisakunitsuite/bunya/0000188411_00053.html,2026-08-19 18:21:37,36.4,成功,ベースアップ評価料に係る特設ページについて【20260421更新】
2026,改定通知,2026_医科点数表［4.5MB］_20260819.pdf,https://www.mhlw.go.jp/content/12400000/001686842.pdf,2026-08-19 18:21:38,4594.1,成功,医科点数表［4.5MB］
2026,改定通知,2026_歯科点数表［738KB］_20260819.pdf,https://www.mhlw.go.jp/content/12400000/001665293.pdf,2026-08-19 18:21:39,737.3,成功,歯科点数表［738KB］
2026,改定通知,2026_調剤点数表［297KB］_20260819.pdf,https://www.mhlw.go.jp/content/12400000/001665294.pdf,2026-08-19 18:21:41,296.5,成功,調剤点数表［297KB］
2026,改定通知,2026_医科点数表［4.7MB］_20260819.pdf,https://www.mhlw.go.jp/content/12400000/001732089.pdf,2026-08-19 18:21:43,4758.4,成功,医科点数表［4.7MB］
2026,改定通知,2026_歯科点数表［1.5MB］_20260819.pdf,https://www.mhlw.go.jp/content/12400000/001707252.pdf,2026-08-19 18:21:45,1492.0,成功,歯科点数表［1.5MB］
2026,改定通知,2026_調剤点数表［716KB］_20260819.pdf,https://www.mhlw.go.jp/content/12400000/001713883.pdf,2026-08-19 18:21:46,715.4,成功,調剤点数表［716KB］
2026,改定通知,2026_様式（医科）［9.5MB］_20260819.pdf,https://www.mhlw.go.jp/content/12400000/001713885.pdf,2026-08-19 18:21:48,9722.3,成功,様式（医科）［9.5MB］
2026,改定通知,2026_様式（歯科）［571KB］_20260819.pdf,https://www.mhlw.go.jp/content/12400000/001686840.pdf,2026-08-19 18:21:50,570.7,成功,様式（歯科）［571KB］
2026,改定通知,2026_様式（調剤）［808KB］_20260819.pdf,https://www.mhlw.go.jp/content/12400000/001697758.pdf,2026-08-19 18:21:52,807.1,成功,様式（調剤）［808KB］
2026,施設基準,2026_基本診療料の施設基準等の一部を改正する件（令和８年厚生労働省告示第70号）［1.5MB］_20260819.pdf,https://www.mhlw.go.jp/content/12400000/001675854.pdf,2026-08-19 18:21:54,1500.0,成功,基本診療料の施設基準等の一部を改正する件（令和８年厚生労働省告示第70号）［1.5MB］
2026,施設基準,2026_基本診療料の施設基準等及びその届出に関する手続きの取扱いについて（令和８年３月５日保医発0305第７号）［21.2MB］_20260819.pdf,https://www.mhlw.go.jp/content/12400000/001732097.pdf,2026-08-19 18:21:55,21693.6,成功,基本診療料の施設基準等及びその届出に関する手続きの取扱いについて（令和８年３月５日保医発0305第７号）［21.2MB］
2026,施設基準,2026_特掲診療料の施設基準等の一部を改正する件（令和８年厚生労働省告示第71号）［1.3MB］_20260819.pdf,https://www.mhlw.go.jp/content/12400000/001675855.pdf,2026-08-19 18:21:57,1246.1,成功,特掲診療料の施設基準等の一部を改正する件（令和８年厚生労働省告示第71号）［1.3MB］
2026,施設基準,2026_特掲診療料の施設基準等及びその届出に関する手続きの取扱いについて（令和８年３月５日保医発0305第８号）［26.8MB］_20260819.pdf,https://www.mhlw.go.jp/content/12400000/001732104.pdf,2026-08-19 18:21:59,27396.2,成功,特掲診療料の施設基準等及びその届出に関する手続きの取扱いについて（令和８年３月５日保医発0305第８号）［26.8MB］
2026,改定通知,2026_様式101・102（歯科技工所）［66KB］_20260819.xlsx,https://www.mhlw.go.jp/content/12400000/001731374.xlsx,2026-08-19 18:22:01,65.4,成功,様式101・102（歯科技工所）［66KB］
2026,改定通知,2026_様式103・104（調剤）［97KB］_20260819.xlsx,https://www.mhlw.go.jp/content/12400000/001733592.xlsx,2026-08-19 18:22:03,96.4,成功,様式103・104（調剤）［97KB］
2026,施設基準,2026_令和８年度診療報酬改定に係る施設基準届出チェックリストの送付について［5.1MB］_20260819.pdf,https://www.mhlw.go.jp/content/12400000/001693862.pdf,2026-08-19 18:22:04,5190.1,成功,令和８年度診療報酬改定に係る施設基準届出チェックリストの送付について［5.1MB］
2026,施設基準,2026_令和８年度診療報酬改定に係る施設基準届出チェックリストの一部訂正について［3.6MB］_20260819.pdf,https://www.mhlw.go.jp/content/12400000/001697773.pdf,2026-08-19 18:22:06,3596.7,成功,令和８年度診療報酬改定に係る施設基準届出チェックリストの一部訂正について［3.6MB］
2026,施設基準,2026_「令和８年度診療報酬改定に係る施設基準届出チェックリスト」の一部訂正について［656KB］_20260819.pdf,https://www.mhlw.go.jp/content/12400000/001706142.pdf,2026-08-19 18:22:08,655.2,成功,「令和８年度診療報酬改定に係る施設基準届出チェックリスト」の一部訂正について［656KB］
2026,改定通知,2026_別添２（医科診療所用）［71KB］_20260819.xlsx,https://www.mhlw.go.jp/content/12400000/001706146.xlsx,2026-08-19 18:22:10,70.4,成功,別添２（医科診療所用）［71KB］
2026,改定通知,2026_別添３（歯科診療所用）［46KB］_20260819.xlsx,https://www.mhlw.go.jp/content/12400000/001697776.xlsx,2026-08-19 18:22:12,45.6,成功,別添３（歯科診療所用）［46KB］
2026,施設基準,2026_令和８年度診療報酬改定におけるベースアップ評価料に係る施設基準の届出について（周知）［77KB］_20260819.pdf,https://www.mhlw.go.jp/content/12400000/001695495.pdf,2026-08-19 18:22:13,76.6,成功,令和８年度診療報酬改定におけるベースアップ評価料に係る施設基準の届出について（周知）［77KB］
2026,その他関連資料,2026_（別添）ベースアップ評価料の届出に必要な様式早見表＜令和８年度版＞［299KB］_20260819.pdf,https://www.mhlw.go.jp/content/12400000/001695793.pdf,2026-08-19 18:22:15,298.1,成功,（別添）ベースアップ評価料の届出に必要な様式 早見表＜令和８年度版＞［299KB］
2026,その他関連資料,2026_保険医療機関及び保険医療養担当規則等の一部を改正する省令（令和８年厚生労働省令第21号）［500KB］_20260819.pdf,https://www.mhlw.go.jp/content/12400000/001665190.pdf,2026-08-19 18:22:17,499.6,成功,保険医療機関及び保険医療養担当規則等の一部を改正する省令（令和８年厚生労働省令第21号）［500KB］
2026,その他関連資料,2026_高齢者の医療の確保に関する法律の規定による療養の給付等の取扱い及び担当に関する基準の一部を改正する件（令和８年厚生労働省告示第67号）［149KB］_20260819.pdf,https://www.mhlw.go.jp/content/12400000/001665193.pdf,2026-08-19 18:22:19,148.4,成功,高齢者の医療の確保に関する法律の規定による療養の給付等の取扱い及び担当に関する基準の一部を改正する件（令和８年厚生労働省告示第67号）［149KB］
2026,疑義解釈,2026_疑義解釈資料の送付について（その１）（令和８年３月23日保険局医療課事務連絡）［519KB］_20260819.pdf,https://www.mhlw.go.jp/content/12400000/001678310.pdf,2026-08-19 18:22:20,518.3,成功,疑義解釈資料の送付について（その１）（令和８年３月23日保険局医療課事務連絡）［519KB］
2026,疑義解釈,2026_疑義解釈資料の送付について（その２）（令和８年４月１日保険局医療課事務連絡）［1.6MB］_20260819.pdf,https://www.mhlw.go.jp/content/12400000/001689076.pdf,2026-08-19 18:22:22,1608.3,成功,疑義解釈資料の送付について（その２）（令和８年４月１日保険局医療課事務連絡）［1.6MB］
2026,疑義解釈,2026_「疑義解釈資料の送付について（その２）」の一部訂正について（令和８年４月９日保険局医療課事務連絡）［153KB］_20260819.pdf,https://www.mhlw.go.jp/content/12400000/001689078.pdf,2026-08-19 18:22:24,152.5,成功,「疑義解釈資料の送付について（その２）」の一部訂正について（令和８年４月９日保険局医療課事務連絡）［153KB］
2026,疑義解釈,2026_疑義解釈資料の送付について（その３）（令和８年４月20日保険局医療課事務連絡）［671KB］_20260819.pdf,https://www.mhlw.go.jp/content/12400000/001693874.pdf,2026-08-19 18:22:26,670.3,成功,疑義解釈資料の送付について（その３）（令和８年４月20日保険局医療課事務連絡）［671KB］
2026,疑義解釈,2026_疑義解釈資料の送付について（その４）（令和８年４月21日保険局医療課事務連絡）［440KB］_20260819.pdf,https://www.mhlw.go.jp/content/12400000/001694332.pdf,2026-08-19 18:22:27,439.7,成功,疑義解釈資料の送付について（その４）（令和８年４月21日保険局医療課事務連絡）［440KB］
2026,疑義解釈,2026_疑義解釈資料の送付について（その５）（令和８年５月８日保険局医療課事務連絡）［741KB］_20260819.pdf,https://www.mhlw.go.jp/content/12400000/001698587.pdf,2026-08-19 18:22:29,740.8,成功,疑義解釈資料の送付について（その５）（令和８年５月８日保険局医療課事務連絡）［741KB］
2026,疑義解釈,2026_疑義解釈資料の送付について（その６）（令和８年５月22日保険局医療課事務連絡）［540KB］_20260819.pdf,https://www.mhlw.go.jp/content/12400000/001703573.pdf,2026-08-19 18:22:31,539.4,成功,疑義解釈資料の送付について（その６）（令和８年５月22日保険局医療課事務連絡）［540KB］
2026,疑義解釈,2026_疑義解釈資料の送付について（その７）（令和８年５月29日保険局医療課事務連絡）［740KB］_20260819.pdf,https://www.mhlw.go.jp/content/12400000/001707505.pdf,2026-08-19 18:22:33,739.7,成功,疑義解釈資料の送付について（その７）（令和８年５月29日保険局医療課事務連絡）［740KB］
2026,疑義解釈,2026_疑義解釈資料の送付について（その８）（令和８年６月17日保険局医療課事務連絡）［535KB］_20260819.pdf,https://www.mhlw.go.jp/content/12400000/001712853.pdf,2026-08-19 18:22:34,534.7,成功,疑義解釈資料の送付について（その８）（令和８年６月17日保険局医療課事務連絡）［535KB］
2026,疑義解釈,2026_疑義解釈資料の送付について（その９）（令和８年６月26日保険局医療課事務連絡）［744KB］_20260819.pdf,https://www.mhlw.go.jp/content/12400000/001716069.pdf,2026-08-19 18:22:36,743.2,成功,疑義解釈資料の送付について（その９）（令和８年６月26日保険局医療課事務連絡）［744KB］
2026,疑義解釈,2026_疑義解釈資料の送付について（その10）（令和８年７月17日保険局医療課事務連絡）［526KB］_20260819.pdf,https://www.mhlw.go.jp/content/12400000/001725624.pdf,2026-08-19 18:22:38,525.1,成功,疑義解釈資料の送付について（その10）（令和８年７月17日保険局医療課事務連絡）［526KB］
2026,疑義解釈,2026_疑義解釈資料の送付について（その11）（令和８年７月30日保険局医療課事務連絡）［435KB］_20260819.pdf,https://www.mhlw.go.jp/content/12400000/001731253.pdf,2026-08-19 18:22:39,434.2,成功,疑義解釈資料の送付について（その11）（令和８年７月30日保険局医療課事務連絡）［435KB］
2026,疑義解釈,2026_療養の給付と直接関係ないサービス等の取扱いに関する疑義解釈資料の送付について（令和８年５月29日保険局医療課事務連絡）［110KB］_20260819.pdf,https://www.mhlw.go.jp/content/12400000/001706045.pdf,2026-08-19 18:22:41,110.0,成功,療養の給付と直接関係ないサービス等の取扱いに関する疑義解釈資料の送付について（令和８年５月29日保険局医療課事務連絡）［110KB］
2026,その他関連資料,2026_令和８年度診療報酬改定関連通知及び官報掲載事項の一部訂正について（令和８年４月２日保険局医療課事務連絡）［11.3MB］_20260819.pdf,https://www.mhlw.go.jp/content/12400000/001698334.pdf,2026-08-19 18:22:43,11545.5,成功,令和８年度診療報酬改定関連通知及び官報掲載事項の一部訂正について（令和８年４月２日保険局医療課事務連絡）［11.3MB］
2026,その他関連資料,2026_令和８年度診療報酬改定関連通知及び官報掲載事項の一部訂正について（令和８年５月１日保険局医療課事務連絡）［16.9MB］_20260819.pdf,https://www.mhlw.go.jp/content/12400000/001700249.pdf,2026-08-19 18:22:44,17257.6,成功,令和８年度診療報酬改定関連通知及び官報掲載事項の一部訂正について（令和８年５月１日保険局医療課事務連絡）［16.9MB］
2026,その他関連資料,2026_令和８年度診療報酬改定関連通知及び官報掲載事項の一部訂正について（令和８年５月29日保険局医療課事務連絡）［6.9MB］_20260819.pdf,https://www.mhlw.go.jp/content/12400000/001707506.pdf,2026-08-19 18:22:46,7056.5,成功,令和８年度診療報酬改定関連通知及び官報掲載事項の一部訂正について（令和８年５月29日保険局医療課事務連絡）［6.9MB］
2026,その他関連資料,2026_令和８年度診療報酬改定関連通知及び官報掲載事項の一部訂正について（令和８年６月19日保険局医療課事務連絡）［14.1MB］_20260819.pdf,https://www.mhlw.go.jp/content/12400000/001713779.pdf,2026-08-19 18:22:48,14430.2,成功,令和８年度診療報酬改定関連通知及び官報掲載事項の一部訂正について（令和８年６月19日保険局医療課事務連絡）［14.1MB］
2026,その他関連資料,2026_令和８年度診療報酬改定関連通知及び官報掲載事項の一部訂正について（令和８年７月30日保険局医療課事務連絡）［15.3MB］_20260819.pdf,https://www.mhlw.go.jp/content/12400000/001731226.pdf,2026-08-19 18:22:50,15597.0,成功,令和８年度診療報酬改定関連通知及び官報掲載事項の一部訂正について（令和８年７月30日保険局医療課事務連絡）［15.3MB］
2026,その他関連資料,2026_要介護被保険者等である患者について療養に要する費用の額を算定できる場合の一部を改正する件（令和８年厚生労働省告示第119号）［286KB］_20260819.pdf,https://www.mhlw.go.jp/content/12400000/001681999.pdf,2026-08-19 18:22:52,285.7,成功,要介護被保険者等である患者について療養に要する費用の額を算定できる場合の一部を改正する件（令和８年厚生労働省告示第119号）［286KB］
2026,その他関連資料,2026_医療費の内容の分かる領収証及び個別の診療報酬の算定項目の分かる明細書の交付について（令和８年３月５日保発0305第18号）［596KB］_20260819.pdf,https://www.mhlw.go.jp/content/12400000/001666801.pdf,2026-08-19 18:22:53,595.2,成功,医療費の内容の分かる領収証及び個別の診療報酬の算定項目の分かる明細書の交付について（令和８年３月５日保発0305第18号）［596KB］
2026,その他関連資料,2026_療養の給付及び公費負担医療に関する費用の請求に関する命令附則第四条の二第二項の規定に基づきこども家庭庁長官及び厚生労働大臣が定める様式の一部を改正する件（令和８年こども家庭庁・厚生労働省告示第２号）［209KB］_20260819.pdf,https://www.mhlw.go.jp/content/12400000/001682002.pdf,2026-08-19 18:22:55,0.0,失敗,OSError: [Errno 36] File name too long: 'output/ai-shinryou-db/text/2026/other/2026_療養の給付及び公費負担医療に関する費用の請求に関する命令附則第四条の二第二項の規定に基づきこども家庭庁長官及び厚生労働大臣が定める様式の一部を改正する件（令和８年こども家庭庁・厚生労働省告示第２号）［209KB］_20260819.pdf'
2026,その他関連資料,2026_「診療報酬請求書等の記載要領等について」等の一部改正について（令和８年３月27日保医発0327第２号）［13.3MB］_20260819.pdf,https://www.mhlw.go.jp/content/12400000/001732127.pdf,2026-08-19 18:22:57,13615.8,成功,「診療報酬請求書等の記載要領等について」等の一部改正について（令和８年３月27日保医発0327第２号）［13.3MB］
2026,改定通知,2026_歯科の診療録及び診療報酬明細書に使用できる略称について（令和８年３月27日保医発0327第３号）［366KB］_20260819.pdf,https://www.mhlw.go.jp/content/12400000/001697769.pdf,2026-08-19 18:23:00,365.3,成功,歯科の診療録及び診療報酬明細書に使用できる略称について（令和８年３月27日保医発0327第３号）［366KB］
2026,その他関連資料,2026_災害発生時における保険診療関係等及び診療報酬の取扱いについて（令和８年３月31日保医発0331第２号）［315KB］_20260819.pdf,https://www.mhlw.go.jp/content/12400000/001716158.pdf,2026-08-19 18:23:02,314.1,成功,災害発生時における保険診療関係等及び診療報酬の取扱いについて（令和８年３月31日保医発0331第２号）［315KB］
2026,その他関連資料,2026_「災害発生時における保険診療関係等及び診療報酬の取扱いについて」の一部訂正について［121KB］_20260819.pdf,https://www.mhlw.go.jp/content/12400000/001716159.pdf,2026-08-19 18:23:03,120.6,成功,「災害発生時における保険診療関係等及び診療報酬の取扱いについて」の一部訂正について［121KB］
2026,その他関連資料,2026_入院時食事療養費に係る食事療養及び入院時生活療養費に係る生活療養の費用の額の算定に関する基準の一部を改正する件（令和８年厚生労働省告示第78号）［83KB］_20260819.pdf,https://www.mhlw.go.jp/content/12400000/001665215.pdf,2026-08-19 18:23:05,82.6,成功,入院時食事療養費に係る食事療養及び入院時生活療養費に係る生活療養の費用の額の算定に関する基準の一部を改正する件（令和８年厚生労働省告示第78号）［83KB］
2026,その他関連資料,2026_入院時食事療養及び入院時生活療養の食事の提供たる療養の基準等の一部を改正する件（令和８年厚生労働省告示第77号）［86KB］_20260819.pdf,https://www.mhlw.go.jp/content/12400000/001665216.pdf,2026-08-19 18:23:07,85.7,成功,入院時食事療養及び入院時生活療養の食事の提供たる療養の基準等の一部を改正する件（令和８年厚生労働省告示第77号）［86KB］
2026,その他関連資料,2026_入院時食事療養及び入院時生活療養の食事の提供たる療養の基準等に係る届出に関する手続きの取扱いについて（令和８年３月５日保医発第17号）［318KB］_20260819.pdf,https://www.mhlw.go.jp/content/12400000/001697772.pdf,2026-08-19 18:23:09,317.9,成功,入院時食事療養及び入院時生活療養の食事の提供たる療養の基準等に係る届出に関する手続きの取扱いについて（令和８年３月５日保医発第17号）［318KB］
2026,特例措置・臨時改定,2026_複数手術に係る費用の特例の一部を改正する件（令和８年厚生労働省告示第95号）［220KB］_20260819.pdf,https://www.mhlw.go.jp/content/12400000/001675965.pdf,2026-08-19 18:23:11,219.2,成功,複数手術に係る費用の特例の一部を改正する件（令和８年厚生労働省告示第95号）［220KB］
2026,特例措置・臨時改定,2026_複数手術に係る費用の特例の一部改正に伴う実施上の留意事項について（通知）（令和８年３月19日保医発0319第２号）［53KB］_20260819.pdf,https://www.mhlw.go.jp/content/12400000/001677052.pdf,2026-08-19 18:23:13,52.6,成功,複数手術に係る費用の特例の一部改正に伴う実施上の留意事項について（通知）（令和８年３月19日保医発0319第２号）［53KB］
2026,その他関連資料,2026_厚生労働大臣が指定する病院の病棟における療養に要する費用の額の算定方法の一部を改正する件（令和８年厚生労働省告示第96号）［1.4MB］_20260819.pdf,https://www.mhlw.go.jp/content/12400000/001675966.pdf,2026-08-19 18:23:15,1378.5,成功,厚生労働大臣が指定する病院の病棟における療養に要する費用の額の算定方法の一部を改正する件（令和８年厚生労働省告示第96号）［1.4MB］
2026,その他関連資料,2026_厚生労働大臣が指定する病院の病棟における療養に要する費用の額の算定方法第一項第五号の規定に基づき厚生労働大臣が別に定める者の一部を改正する件（令和８年厚生労働省告示第97号）［846KB］_20260819.pdf,https://www.mhlw.go.jp/content/12400000/001675967.pdf,2026-08-19 18:23:17,0.0,失敗,OSError: [Errno 36] File name too long: 'output/ai-shinryou-db/text/2026/other/2026_厚生労働大臣が指定する病院の病棟における療養に要する費用の額の算定方法第一項第五号の規定に基づき厚生労働大臣が別に定める者の一部を改正する件（令和８年厚生労働省告示第97号）［846KB］_20260819.pdf'
2026,その他関連資料,2026_厚生労働大臣が定める傷病名、手術、処置等及び定義副傷病名の一部を改正する件（令和８年厚生労働省告示第98号）［1.5MB］_20260819.pdf,https://www.mhlw.go.jp/content/12400000/001675968.pdf,2026-08-19 18:23:18,1484.7,成功,厚生労働大臣が定める傷病名、手術、処置等及び定義副傷病名の一部を改正する件（令和８年厚生労働省告示第98号）［1.5MB］
2026,その他関連資料,2026_厚生労働大臣が指定する病院の病棟並びに厚生労働大臣が定める病院、基礎係数、機能評価係数Ⅰ、機能評価係数Ⅱ、救急補正係数及び激変緩和係数の一部を改正する件（令和８年厚生労働省告示第99号）［515KB］_20260819.pdf,https://www.mhlw.go.jp/content/12400000/001675969.pdf,2026-08-19 18:23:21,0.0,失敗,OSError: [Errno 36] File name too long: 'output/ai-shinryou-db/text/2026/other/2026_厚生労働大臣が指定する病院の病棟並びに厚生労働大臣が定める病院、基礎係数、機能評価係数Ⅰ、機能評価係数Ⅱ、救急補正係数及び激変緩和係数の一部を改正する件（令和８年厚生労働省告示第99号）［515KB］_20260819.pdf'
2026,その他関連資料,2026_厚生労働大臣が指定する病院の病棟における療養に要する費用の額の算定方法の一部改正等に伴う実施上の留意事項について（通知）（令和８年３月18日保医発0318第４号）［407KB］_20260819.pdf,https://www.mhlw.go.jp/content/12400000/001676573.pdf,2026-08-19 18:23:22,0.0,失敗,OSError: [Errno 36] File name too long: 'output/ai-shinryou-db/text/2026/other/2026_厚生労働大臣が指定する病院の病棟における療養に要する費用の額の算定方法の一部改正等に伴う実施上の留意事項について（通知）（令和８年３月18日保医発0318第４号）［407KB］_20260819.pdf'
2026,その他関連資料,2026_厚生労働大臣が指定する病院の病棟における療養に要する費用の額の算定方法第一項第五号の規定に基づき厚生労働大臣が別に定める者について（通知）（令和８年３月18日保医発0318第５号）［389KB］_20260819.pdf,https://www.mhlw.go.jp/content/12400000/001676576.pdf,2026-08-19 18:23:24,0.0,失敗,OSError: [Errno 36] File name too long: 'output/ai-shinryou-db/text/2026/other/2026_厚生労働大臣が指定する病院の病棟における療養に要する費用の額の算定方法第一項第五号の規定に基づき厚生労働大臣が別に定める者について（通知）（令和８年３月18日保医発0318第５号）［389KB］_20260819.pdf'
2026,その他関連資料,2026_厚生労働大臣が指定する病院の病棟における療養に要する費用の額の算定方法第五項第三号の規定に基づき厚生労働大臣が実施する調査について（通知）（令和８年３月18日保医発0318第６号）［133KB］_20260819.pdf,https://www.mhlw.go.jp/content/12400000/001676579.pdf,2026-08-19 18:23:26,0.0,失敗,OSError: [Errno 36] File name too long: 'output/ai-shinryou-db/text/2026/other/2026_厚生労働大臣が指定する病院の病棟における療養に要する費用の額の算定方法第五項第三号の規定に基づき厚生労働大臣が実施する調査について（通知）（令和８年３月18日保医発0318第６号）［133KB］_20260819.pdf'
2026,DPC/PDPS関連,2026_DPC制度への参加等の手続きについて（通知）（令和８年３月27日保医発0327第１号）［255KB］_20260819.pdf,https://www.mhlw.go.jp/content/12400000/001681163.pdf,2026-08-19 18:23:28,255.0,成功,DPC制度への参加等の手続きについて（通知）（令和８年３月27日保医発0327第１号）［255KB］
2025,薬価改定通知,2025_使用薬剤の薬価（薬価基準）の一部を改正する件（令和８年厚生労働省告示第72号）［837KB］_20260819.pdf,https://www.mhlw.go.jp/content/12400000/001665198.pdf,2026-08-19 18:23:30,836.1,成功,使用薬剤の薬価（薬価基準）の一部を改正する件（令和８年厚生労働省告示第72号）［837KB］
2026,その他関連資料,2026_療担規則及び薬担規則並びに療担基準に基づき厚生労働大臣が定める掲示事項等の一部を改正する告示（令和８年厚生労働省告示第68号）［423KB］_20260819.pdf,https://www.mhlw.go.jp/content/12400000/001666216.pdf,2026-08-19 18:23:32,422.9,成功,療担規則及び薬担規則並びに療担基準に基づき厚生労働大臣が定める掲示事項等の一部を改正する告示（令和８年厚生労働省告示第68号）［423KB］
2025,その他関連資料,2025_薬価算定の基準について（令和８年２月13日保発0213第３号）［548KB］_20260819.pdf,https://www.mhlw.go.jp/content/12400000/001667916.pdf,2026-08-19 18:23:34,547.7,成功,薬価算定の基準について（令和８年２月13日保発0213第３号）［548KB］
2025,薬価改定通知,2025_医療用医薬品の薬価基準収載等に係る取扱いについて（令和８年２月13日産情発0213第１号・保発0213第４号）［278KB］_20260819.pdf,https://www.mhlw.go.jp/content/12400000/001667931.pdf,2026-08-19 18:23:35,278.0,成功,医療用医薬品の薬価基準収載等に係る取扱いについて（令和８年２月13日産情発0213第１号・保発0213第４号）［278KB］
2025,薬価改定通知,2025_医療用医薬品の薬価基準収載希望書の提出方法等について（令和８年２月13日医政産情企発0213第１号・保医発0213第９号）［802KB］_20260819.pdf,https://www.mhlw.go.jp/content/12400000/001667933.pdf,2026-08-19 18:23:37,801.7,成功,医療用医薬品の薬価基準収載希望書の提出方法等について（令和８年２月13日医政産情企発0213第１号・保医発0213第９号）［802KB］
2026,医療機器保険適用通知,2026_医薬品、医療機器及び再生医療等製品の費用対効果評価に関する取扱いについて（令和８年２月13日産情発0213第３号・保発0213第７号）［233KB］_20260819.pdf,https://www.mhlw.go.jp/content/12400000/001667978.pdf,2026-08-19 18:23:39,232.2,成功,医薬品、医療機器及び再生医療等製品の費用対効果評価に関する取扱いについて（令和８年２月13日産情発0213第３号・保発0213第７号）［233KB］
2025,薬価改定通知,2025_使用薬剤の薬価（薬価基準）の一部改正等について（令和８年３月５日保医発0305第10号）［273KB］_20260819.pdf,https://www.mhlw.go.jp/content/12400000/001666898.pdf,2026-08-19 18:23:40,272.5,成功,使用薬剤の薬価（薬価基準）の一部改正等について（令和８年３月５日保医発0305第10号）［273KB］
2026,医薬品リスト,2026_保険医の使用医薬品（掲示事項等告示第６関係）及び保険薬剤師の使用医薬品（掲示事項等告示第14関係）に係る留意事項について（令和８年３月５日保医発0305第11号）［108KB］_20260819.pdf,https://www.mhlw.go.jp/content/12400000/001666899.pdf,2026-08-19 18:23:42,0.0,失敗,OSError: [Errno 36] File name too long: 'output/ai-shinryou-db/text/2026/iyakuhin-list/2026_保険医の使用医薬品（掲示事項等告示第６関係）及び保険薬剤師の使用医薬品（掲示事項等告示第14関係）に係る留意事項について（令和８年３月５日保医発0305第11号）［108KB］_20260819.pdf'
2026,その他関連資料,2026_「診療報酬における加算等の算定対象等となるバイオ後続品」について（令和８年３月５日保医発0305第13号）［247KB］_20260819.pdf,https://www.mhlw.go.jp/content/12400000/001697766.pdf,2026-08-19 18:23:44,246.6,成功,「診療報酬における加算等の算定対象等となるバイオ後続品」について（令和８年３月５日保医発0305第13号）［247KB］
2026,医薬品リスト,2026_後発医薬品の出荷停止等を踏まえた診療報酬上の臨時的な取扱いについて（令和８年３月５日保険局医療課事務連絡）［235KB］_20260819.pdf,https://www.mhlw.go.jp/content/12400000/001666902.pdf,2026-08-19 18:23:46,234.8,成功,後発医薬品の出荷停止等を踏まえた診療報酬上の臨時的な取扱いについて（令和８年３月５日保険局医療課事務連絡）［235KB］
2025,薬価改定通知,2025_令和８年度薬価基準改定の概要［6.8MB］_20260819.pdf,https://www.mhlw.go.jp/content/12400000/001686059.pdf,2026-08-19 18:23:47,6898.9,成功,令和８年度薬価基準改定の概要［6.8MB］
2026,医療機器保険適用通知,2026_医療機器の保険適用等に関する取扱いについて（令和８年２月13日産情発0213第４号、保発0213第６号）［585KB］_20260819.pdf,https://www.mhlw.go.jp/content/12400000/001672636.pdf,2026-08-19 18:23:49,584.5,成功,医療機器の保険適用等に関する取扱いについて（令和８年２月13日産情発0213第４号、保発0213第６号）［585KB］
2026,医療機器保険適用通知,2026_プログラム医療機器に係る評価療養及び選定療養の手続について（令和８年２月13日産情発0213第７号、保発0213第10号）［292KB］_20260819.pdf,https://www.mhlw.go.jp/content/12400000/001672642.pdf,2026-08-19 18:23:51,291.4,成功,プログラム医療機器に係る評価療養及び選定療養の手続について（令和８年２月13日産情発0213第７号、保発0213第10号）［292KB］
2026,医療機器保険適用通知,2026_医療機器に係る保険適用希望書の提出方法等について（令和８年２月13日医政産情企発0213第２号、保医発0213第10号）［518KB］_20260819.pdf,https://www.mhlw.go.jp/content/12400000/001672643.pdf,2026-08-19 18:23:52,517.4,成功,医療機器に係る保険適用希望書の提出方法等について（令和８年２月13日医政産情企発0213第２号、保医発0213第10号）［518KB］
2026,医療機器保険適用通知,2026_プログラム医療機器に係る評価療養希望書等の提出方法等について（令和８年２月13日医政産情企発0213第５号、保医発0213第13号）［155KB］_20260819.pdf,https://www.mhlw.go.jp/content/12400000/001672646.pdf,2026-08-19 18:23:54,155.0,成功,プログラム医療機器に係る評価療養希望書等の提出方法等について（令和８年２月13日医政産情企発0213第５号、保医発0213第13号）［155KB］
2026,医療機器保険適用通知,2026_医療機器に係る保険適用希望書の記載例等について（令和８年３月９日医政局医薬産業振興・医療情報企画課医療機器政策室事務連絡）［966KB］_20260819.pdf,https://www.mhlw.go.jp/content/12400000/001707962.pdf,2026-08-19 18:23:56,965.6,成功,医療機器に係る保険適用希望書の記載例等について（令和８年３月９日医政局医薬産業振興・医療情報企画課医療機器政策室事務連絡）［966KB］
2026,医療機器保険適用通知,2026_体外診断用医薬品に係る保険適用希望書の記載例等について（令和８年３月９日医政局医薬産業振興・医療情報企画課医療機器政策室事務連絡）［977KB］_20260819.pdf,https://www.mhlw.go.jp/content/12400000/001707941.pdf,2026-08-19 18:23:57,976.2,成功,体外診断用医薬品に係る保険適用希望書の記載例等について（令和８年３月９日医政局医薬産業振興・医療情報企画課医療機器政策室事務連絡）［977KB］
2026,医療機器保険適用通知,2026_医療機器及び体外診断用医薬品の安定供給に支障が生じた場合の対応について（令和８年２月13日医政産情企発0213第６号、保医発0213第14号）［388KB］_20260819.pdf,https://www.mhlw.go.jp/content/12400000/001672647.pdf,2026-08-19 18:23:59,387.6,成功,医療機器及び体外診断用医薬品の安定供給に支障が生じた場合の対応について（令和８年２月13日医政産情企発0213第６号、保医発0213第14号）［388KB］
2026,材料価格改定通知,2026_特定保険医療材料及びその材料価格（材料価格基準）の一部を改正する件（令和８年厚生労働省告示第73号）［400KB］_20260819.pdf,https://www.mhlw.go.jp/content/12400000/001665200.pdf,2026-08-19 18:24:01,399.4,成功,特定保険医療材料及びその材料価格（材料価格基準）の一部を改正する件（令和８年厚生労働省告示第73号）［400KB］
2026,材料価格改定通知,2026_特定保険医療材料の材料価格算定に関する留意事項について（令和８年３月５日保医発0305第１号）［930KB］_20260819.pdf,https://www.mhlw.go.jp/content/12400000/001686844.pdf,2026-08-19 18:24:02,929.5,成功,特定保険医療材料の材料価格算定に関する留意事項について（令和８年３月５日保医発0305第１号）［930KB］
2026,改定通知,2026_特定保険医療材料及びその材料価格（材料価格基準）の一部改正に伴う特定保険医療材料料（使用歯科材料料）の算定について（令和８年３月５日保医発0305第２号）［224KB］_20260819.pdf,https://www.mhlw.go.jp/content/12400000/001697771.pdf,2026-08-19 18:24:04,223.1,成功,特定保険医療材料及びその材料価格（材料価格基準）の一部改正に伴う特定保険医療材料料（使用歯科材料料）の算定について（令和８年３月５日保医発0305第２号）［224KB］
2026,医療機器保険適用通知,2026_特定診療報酬算定医療機器の定義等について（令和８年３月５日保医発0305第３号）［954KB］_20260819.pdf,https://www.mhlw.go.jp/content/12400000/001707257.pdf,2026-08-19 18:24:06,953.0,成功,特定診療報酬算定医療機器の定義等について（令和８年３月５日保医発0305第３号）［954KB］
2026,医療機器保険適用通知,2026_特定保険医療材料及び医療機器保険適用希望書（希望区分Ｂ）に記載する機能区分コードについて（令和８年３月５日保険局医療課事務連絡）［572KB］_20260819.pdf,https://www.mhlw.go.jp/content/12400000/001666895.pdf,2026-08-19 18:24:07,571.3,成功,特定保険医療材料及び医療機器保険適用希望書（希望区分Ｂ）に記載する機能区分コードについて（令和８年３月５日保険局医療課事務連絡）［572KB］
2026,疑義解釈,2026_訪問看護療養費に係る指定訪問看護の費用の額の算定方法の一部を改正する件（令和８年厚生労働省告示第74号）［250KB］_20260819.pdf,https://www.mhlw.go.jp/content/12400000/001665206.pdf,2026-08-19 18:24:09,249.2,成功,訪問看護療養費に係る指定訪問看護の費用の額の算定方法の一部を改正する件（令和８年厚生労働省告示第74号）［250KB］
2026,疑義解釈,2026_訪問看護療養費に係る訪問看護ステーションの基準等の一部を改正する件（令和８年厚生労働省告示第75号）［185KB］_20260819.pdf,https://www.mhlw.go.jp/content/12400000/001665207.pdf,2026-08-19 18:24:10,184.7,成功,訪問看護療養費に係る訪問看護ステーションの基準等の一部を改正する件（令和８年厚生労働省告示第75号）［185KB］
2026,その他関連資料,2026_保険医療機関及び保険医療養担当規則等の一部を改正する省令（令和８年厚生労働省令第21号）［500KB］_20260819.pdf,https://www.mhlw.go.jp/content/12400000/001665209.pdf,2026-08-19 18:24:12,0.0,スキップ,ファイル名重複
2026,疑義解釈,2026_訪問看護ステーションの基準に係る届出に関する手続きの取扱いについて（令和８年３月５日保医発0305第９号）［1.6MB］_20260819.pdf,https://www.mhlw.go.jp/content/12400000/001732114.pdf,2026-08-19 18:24:12,1591.1,成功,訪問看護ステーションの基準に係る届出に関する手続きの取扱いについて（令和８年３月５日保医発0305第９号）［1.6MB］
2026,疑義解釈,2026_厚生労働大臣が定める指定訪問看護の一部を改正する件（令和８年厚生労働省告示第120号）［84KB］_20260819.pdf,https://www.mhlw.go.jp/content/12400000/001681996.pdf,2026-08-19 18:24:14,83.8,成功,厚生労働大臣が定める指定訪問看護の一部を改正する件（令和８年厚生労働省告示第120号）［84KB］
2026,疑義解釈,2026_訪問看護療養費及び公費負担医療に関する費用の請求に関する命令附則第三条第一項の規定に基づきこども家庭庁長官及び厚生労働大臣が定める様式の一部を改正する件（令和８年こども家庭庁・厚生労働省告示第３号）［193KB］_20260819.pdf,https://www.mhlw.go.jp/content/12400000/001682001.pdf,2026-08-19 18:24:16,0.0,失敗,OSError: [Errno 36] File name too long: 'output/ai-shinryou-db/text/2026/gisoku-kaishaku/2026_訪問看護療養費及び公費負担医療に関する費用の請求に関する命令附則第三条第一項の規定に基づきこども家庭庁長官及び厚生労働大臣が定める様式の一部を改正する件（令和８年こども家庭庁・厚生労働省告示第３号）［193KB］_20260819.pdf'
2026,その他関連資料,2026_厚生労働大臣の定める評価療養、患者申出療養及び選定療養等の一部を改正する告示（令和８年厚生労働省告示第116号）［1.1MB］_20260819.pdf,https://www.mhlw.go.jp/content/12400000/001682003.pdf,2026-08-19 18:24:17,1051.4,成功,厚生労働大臣の定める評価療養、患者申出療養及び選定療養等の一部を改正する告示（令和８年厚生労働省告示第116号）［1.1MB］
2026,医薬品リスト,2026_保険外併用療養費に係る厚生労働大臣が定める医薬品等の一部を改正する件（令和８年厚生労働省告示第117号）［84KB］_20260819.pdf,https://www.mhlw.go.jp/content/12400000/001682004.pdf,2026-08-19 18:24:19,83.6,成功,保険外併用療養費に係る厚生労働大臣が定める医薬品等の一部を改正する件（令和８年厚生労働省告示第117号）［84KB］
2026,施設基準,2026_厚生労働大臣の定める先進医療及び患者申出療養並びに施設基準の一部を改正する件（令和８年厚生労働省告示第118号）［412KB］_20260819.pdf,https://www.mhlw.go.jp/content/12400000/001682005.pdf,2026-08-19 18:24:21,411.7,成功,厚生労働大臣の定める先進医療及び患者申出療養並びに施設基準の一部を改正する件（令和８年厚生労働省告示第118号）［412KB］
2026,疑義解釈,2026_療養の給付と直接関係ないサービス等の取扱いに関する疑義解釈資料の送付について（令和８年５月29日保険局医療課事務連絡）［110KB］_20260819.pdf,https://www.mhlw.go.jp/content/12400000/001712423.pdf,2026-08-19 18:24:23,0.0,スキップ,ファイル名重複
2026,改定通知,2026_「長期収載品の処方等又は調剤について」の一部改正について（令和８年３月27日保医発0327第９号）［162KB］_20260819.pdf,https://www.mhlw.go.jp/content/12400000/001681984.pdf,2026-08-19 18:24:23,161.9,成功,「長期収載品の処方等又は調剤について」の一部改正について（令和８年３月27日保医発0327第９号）［162KB］
2026,改定通知,2026_「長期収載品の処方等又は調剤に係る選定療養における費用の計算方法について」の一部改正について（令和８年３月27日保険局医療課事務連絡）［537KB］_20260819.pdf,https://www.mhlw.go.jp/content/12400000/001681850.pdf,2026-08-19 18:24:25,536.2,成功,「長期収載品の処方等又は調剤に係る選定療養における費用の計算方法について」の一部改正について（令和８年３月27日保険局医療課事務連絡）［537KB］
2026,DPC/PDPS関連,2026_診断群分類（DPC）電子点数表（暫定版）［2.4MB］_20260819.xlsx,https://www.mhlw.go.jp/content/12400000/001667268.xlsx,2026-08-19 18:24:26,2408.7,成功,診断群分類（DPC）電子点数表（暫定版）［2.4MB］
2026,DPC/PDPS関連,2026_診断群分類（DPC）電子点数表（正式版）［2.4MB］_20260819.xlsx,https://www.mhlw.go.jp/content/12400000/001675971.xlsx,2026-08-19 18:24:28,2416.6,成功,診断群分類（DPC）電子点数表（正式版）［2.4MB］
2026,DPC/PDPS関連,2026_診断群分類（DPC）電子点数表（正式版）［2.4MB］_20260819.xlsx,https://www.mhlw.go.jp/content/12400000/001691187.xlsx,2026-08-19 18:24:30,0.0,スキップ,ファイル名重複
2026,DPC/PDPS関連,2026_診断群分類（DPC）電子点数表（正式版）［2.6MB］_20260819.xlsx,https://www.mhlw.go.jp/content/12400000/001701579.xlsx,2026-08-19 18:24:30,2612.4,成功,診断群分類（DPC）電子点数表（正式版）［2.6MB］
2026,DPC/PDPS関連,2026_診断群分類（DPC）電子点数表（正式版）［2.4MB］_20260819.xlsx,https://www.mhlw.go.jp/content/12400000/001701580.xlsx,2026-08-19 18:24:32,0.0,スキップ,ファイル名重複
2026,DPC/PDPS関連,2026_診断群分類（DPC）電子点数表（正式版）［2.4MB］_20260819.xlsx,https://www.mhlw.go.jp/content/12400000/001724672.xlsx,2026-08-19 18:24:32,0.0,スキップ,ファイル名重複
2026,DPC/PDPS関連,2026_診断群分類（DPC）電子点数表（正式版）［2.4MB］_20260819.xlsx,https://www.mhlw.go.jp/content/12400000/001737745.xlsx,2026-08-19 18:24:33,0.0,スキップ,ファイル名重複
2026,改定通知,2026_医科点数表第10部の区分番号（Kコード）に対応する手術基幹コード（STEM７）について［112KB］_20260819.pdf,https://www.mhlw.go.jp/content/12400000/001706418.pdf,2026-08-19 18:24:33,111.8,成功,医科点数表第10部の区分番号（Kコード）に対応する手術基幹コード（STEM７）について［112KB］
2026,DPC/PDPS関連,2026_2026年度（令和８年度）DPCの評価・検証等に係る調査（退院患者調査）実施説明資料［6.1MB］_20260819.pdf,https://www.mhlw.go.jp/content/12400000/001738680.pdf,2026-08-19 18:24:35,6193.5,成功,2026年度（令和８年度）DPCの評価・検証等に係る調査（退院患者調査）実施説明資料［6.1MB］
2026,DPC/PDPS関連,2026_【変更履歴（DPC）20250530版からの変更箇所】2026年度（令和８年度）実施説明資料［6.9MB］_20260819.pdf,https://www.mhlw.go.jp/content/12400000/001738681.pdf,2026-08-19 18:24:37,7048.2,成功,【変更履歴（DPC）20250530版からの変更箇所】2026年度（令和８年度）実施説明資料［6.9MB］
