法令名,種類,URL,取得日時,ステータス,ファイルサイズ(KB)
健康保険法,法律,https://laws.e-gov.go.jp/api/1/lawdata/211AC0000000070,2026-10-01 22:08:09,失敗: HTTPError: HTTP Error 403: Forbidden,0.0
健康保険法施行令,施行令,https://laws.e-gov.go.jp/api/1/lawdata/215IO0000000243,2026-10-01 22:08:10,失敗: HTTPError: HTTP Error 403: Forbidden,0.0
健康保険法施行規則,施行規則,https://laws.e-gov.go.jp/api/1/lawdata/215M10000008036,2026-10-01 22:08:12,失敗: HTTPError: HTTP Error 403: Forbidden,0.0
保険医療機関及び保険医療養担当規則,省令,https://laws.e-gov.go.jp/api/1/lawdata/332M50000100015,2026-10-01 22:08:13,失敗: HTTPError: HTTP Error 403: Forbidden,0.0
医療法,法律,https://laws.e-gov.go.jp/api/1/lawdata/323AC0000000205,2026-10-01 22:08:14,失敗: HTTPError: HTTP Error 403: Forbidden,0.0
医療法施行令,施行令,https://laws.e-gov.go.jp/api/1/lawdata/323CO0000000326,2026-10-01 22:08:15,失敗: HTTPError: HTTP Error 403: Forbidden,0.0
医療法施行規則,施行規則,https://laws.e-gov.go.jp/api/1/lawdata/323M40000100050,2026-10-01 22:08:16,失敗: HTTPError: HTTP Error 403: Forbidden,0.0
医師法,法律,https://laws.e-gov.go.jp/api/1/lawdata/323AC0000000201,2026-10-01 22:08:18,失敗: HTTPError: HTTP Error 403: Forbidden,0.0
高齢者の医療の確保に関する法律,法律,https://laws.e-gov.go.jp/api/1/lawdata/357AC0000000080,2026-10-01 22:08:19,失敗: HTTPError: HTTP Error 403: Forbidden,0.0
介護保険法,法律,https://laws.e-gov.go.jp/api/1/lawdata/409AC0000000123,2026-10-01 22:08:20,失敗: HTTPError: HTTP Error 403: Forbidden,0.0
